Year,Value
2019,0.35242
2020,0.37454
2021,0.37362